บันทึกแล้ว,Stat,    งวด,Unnamed: 3,ผู้ใช้,G/L,กลับรายการ,เลขเอกสาร,Pstng Date,ว/ทเอกสาร,ประเภท,ศ.เงินทุน,ศ.ต้นทุน,Bus. Process,ผลิตภัณฑ์/,Carrier/Op,เซกเมนต์,ศูนย์กำไร,BP,    Amt in loc.cur.,Tx,ข้อความ,ส/ท ซ่อม,SNoซ,วัสดุ,เงื่อนไข1,เงื่อนไข2
02.05.2024,ต-ค่าใช้จ่ายบริการอื่น,5,,ERDD0102,51219199,,3320005160,01.05.2024,19.04.2024,KQ,1C10300,1C10308,,181050011,,18105,,1,"1,000.00",VX,"ค่าแม่บ้าน,ช่างไฟฟ้าสนามฟุตบอล19เมย.67/สามารถ",,,,ห้ามบันทึกรหัส Product ยกเลิก,
02.05.2024,ต-ค่าใช้จ่ายบริการอื่น,5,,ERDD0102,51219199,,3320005161,01.05.2024,19.04.2024,KQ,1C10300,1C10308,,181050011,,18105,,1,500,VX,"ค่าแม่บ้าน,ช่างไฟฟ้าสนามฟุตบอล19เมย.67/นภสร",,,,ห้ามบันทึกรหัส Product ยกเลิก,
02.05.2024,ต-ค่าใช้จ่ายบริการอื่น,5,,ERDD0102,51219199,,3320005163,01.05.2024,20.04.2024,KQ,1C10300,1C10308,,181050011,,18105,,1,"1,000.00",VX,"ค่าแม่บ้าน,ช่างไฟฟ้าสนามฟุตบอล20เมย.67/สามารถ",,,,ห้ามบันทึกรหัส Product ยกเลิก,
02.05.2024,ต-ค่าใช้จ่ายบริการอื่น,5,,ERDD0102,51219199,,3320005164,01.05.2024,20.04.2024,KQ,1C10300,1C10308,,181050011,,18105,,1,500,VX,"ค่าแม่บ้าน,ช่างไฟฟ้าสนามฟุตบอล20เมย.67/พิสิทธิ์",,,,ห้ามบันทึกรหัส Product ยกเลิก,
02.05.2024,ต-ค่าใช้จ่ายบริการอื่น,5,,EWLDAD04,51219199,,3320005165,01.05.2024,20.04.2024,KQ,1C10300,1C10308,,181050011,,18105,,1,500,VX,"ค่าแม่บ้าน,ช่างไฟฟ้าสนามฟุตบอล20เมย.67/นภสร",,,,ห้ามบันทึกรหัส Product ยกเลิก,
02.05.2024,ต-ค่าใช้จ่ายบริการอื่น,5,,EWLDAD04,51219199,,3320005166,01.05.2024,21.04.2024,KQ,1C10300,1C10308,,181050011,,18105,,1,"1,000.00",VX,"ค่าแม่บ้าน,ช่างไฟฟ้าสนามฟุตบอล21เมย.67/สามารถ",,,,ห้ามบันทึกรหัส Product ยกเลิก,
02.05.2024,ต-ค่าใช้จ่ายบริการอื่น,5,,EWLDAD04,51219199,,3320005167,01.05.2024,21.04.2024,KQ,1C10300,1C10308,,181050011,,18105,,1,500,VX,"ค่าแม่บ้าน,ช่างไฟฟ้าสนามฟุตบอล21เมย.67/รักษ์ศักดิ์",,,,ห้ามบันทึกรหัส Product ยกเลิก,
02.05.2024,ต-ค่าใช้จ่ายบริการอื่น,5,,EWLDAD04,51219199,,3320005168,01.05.2024,21.04.2024,KQ,1C10300,1C10308,,181050011,,18105,,1,500,VX,"ค่าแม่บ้าน,ช่างไฟฟ้าสนามฟุตบอล21เมย.67/นภสร",,,,ห้ามบันทึกรหัส Product ยกเลิก,
02.05.2024,ต-ค่าใช้จ่ายบริการอื่น,5,,EWLDAD04,51219199,,3320005169,01.05.2024,23.04.2024,KQ,1C10300,1C10308,,181050011,,18105,,1,"1,000.00",VX,"ค่าแม่บ้าน,ช่างไฟฟ้าสนามฟุตบอล23มย.67/สามารถ",,,,ห้ามบันทึกรหัส Product ยกเลิก,
02.05.2024,ต-ค่าใช้จ่ายบริการอื่น,5,,EWLDAD04,51219199,,3320005174,01.05.2024,23.04.2024,KQ,1C10300,1C10308,,181050011,,18105,,1,800,VX,"ค่าแม่บ้าน,ช่างไฟฟ้าสนามฟุตบอล23มย.67/รักษ์ศักดิ์",,,,ห้ามบันทึกรหัส Product ยกเลิก,
02.05.2024,ต-ค่าใช้จ่ายบริการอื่น,5,,EWLDAD04,51219199,,3320005176,01.05.2024,23.04.2024,KQ,1C10300,1C10308,,181050011,,18105,,1,500,VX,"ค่าแม่บ้าน,ช่างไฟฟ้าสนามฟุตบอล23มย.67/นภสร",,,,ห้ามบันทึกรหัส Product ยกเลิก,
02.05.2024,ต-ค่าใช้จ่ายบริการอื่น,5,,EWLDAD04,51219199,,3320005188,01.05.2024,24.04.2024,KQ,1C10300,1C10308,,181050011,,18105,,1,"1,000.00",VX,"ค่าแม่บ้าน,ช่างไฟฟ้าสนามฟุตบอล24เมย.67/สามารถ",,,,ห้ามบันทึกรหัส Product ยกเลิก,
02.05.2024,ต-ค่าใช้จ่ายบริการอื่น,5,,EWLDAD04,51219199,,3320005190,01.05.2024,24.04.2024,KQ,1C10300,1C10308,,181050011,,18105,,1,600,VX,"ค่าแม่บ้าน,ช่างไฟฟ้าสนามฟุตบอล24เมย.67/อรรถพล",,,,ห้ามบันทึกรหัส Product ยกเลิก,
02.05.2024,ต-ค่าใช้จ่ายบริการอื่น,5,,EWLDAD04,51219199,,3320005191,01.05.2024,24.04.2024,KQ,1C10300,1C10308,,181050011,,18105,,1,500,VX,"ค่าแม่บ้าน,ช่างไฟฟ้าสนามฟุตบอล24เมย.67/นภสร",,,,ห้ามบันทึกรหัส Product ยกเลิก,
02.05.2024,ต-ค่าใช้จ่ายบริการอื่น,5,,EWLDAD04,51219199,,3320005215,01.05.2024,25.04.2024,KQ,1C10300,1C10308,,181050011,,18105,,0,"1,000.00",VX,"ค่าแม่บ้าน,ช่างไฟฟ้าสนามฟุตบอล25เมย.67/สามารถ",,,,ห้ามบันทึกรหัส Product ยกเลิก,
02.05.2024,ต-ค่าใช้จ่ายบริการอื่น,5,,EWLDAD04,51219199,,3320005216,01.05.2024,25.04.2024,KQ,1C10300,1C10308,,181050011,,18105,,0,500,VX,"ค่าแม่บ้าน,ช่างไฟฟ้าสนามฟุตบอล25เมย.67/ศุภณัฐ",,,,ห้ามบันทึกรหัส Product ยกเลิก,
02.05.2024,ต-ค่าใช้จ่ายบริการอื่น,5,,EWLDAD04,51219199,,3320005226,01.05.2024,25.04.2024,KQ,1C10300,1C10308,,181050011,,18105,,1,500,VX,"ค่าแม่บ้าน,ช่างไฟฟ้าสนามฟุตบอล25เมย.67/นภสร",,,,ห้ามบันทึกรหัส Product ยกเลิก,
02.05.2024,ต-ค่าใช้จ่ายบริการอื่น,5,,EWLDAD04,51219199,,3320005229,01.05.2024,07.04.2024,KQ,1C10300,1C10308,,181050011,,18105,,0,350,VX,"ค่าแม่บ้าน,รปภ.ห้องจัดเลี้ยง7เมย.67/สุนทรี",,,,ห้ามบันทึกรหัส Product ยกเลิก,
02.05.2024,ต-ค่าใช้จ่ายบริการอื่น,5,,EWLDAD04,51219199,,3320005230,01.05.2024,07.04.2024,KQ,1C10300,1C10308,,181050011,,18105,,0,350,VX,"ค่าแม่บ้าน,รปภ.ห้องจัดเลี้ยง7เมย.67/คำไม",,,,ห้ามบันทึกรหัส Product ยกเลิก,
02.05.2024,ต-ค่าใช้จ่ายบริการอื่น,5,,EWLDAD04,51219199,,3320005232,01.05.2024,07.04.2024,KQ,1C10300,1C10308,,181050011,,18105,,0,350,VX,"ค่าแม่บ้าน,รปภ.ห้องจัดเลี้ยง7เมย.67/วีรภัทรา",,,,ห้ามบันทึกรหัส Product ยกเลิก,
02.05.2024,ต-ค่าใช้จ่ายบริการอื่น,5,,EWLDAD04,51219199,,3320005233,01.05.2024,07.04.2024,KQ,1C10300,1C10308,,181050011,,18105,,0,350,VX,"ค่าแม่บ้าน,รปภ.ห้องจัดเลี้ยง7เมย.67/สิรินงค์",,,,ห้ามบันทึกรหัส Product ยกเลิก,
02.05.2024,ต-ค่าใช้จ่ายบริการอื่น,5,,EWLDAD04,51219199,,3320005237,01.05.2024,07.04.2024,KQ,1C10300,1C10308,,181050011,,18105,,0,350,VX,"ค่าแม่บ้าน,รปภ.ห้องจัดเลี้ยง7เมย.67/สุขสวัสดิ์",,,,ห้ามบันทึกรหัส Product ยกเลิก,
02.05.2024,ต-ค่าใช้จ่ายบริการอื่น,5,,EWLDAD04,51219199,3900001927,3320005239,01.05.2024,07.04.2024,KQ,1C10300,1C10308,,181050011,,18105,,0,350,VX,"ค่าแม่บ้าน,รปภ.ห้องจัดเลี้ยง7เมย.67/สี",,,,ห้ามบันทึกรหัส Product ยกเลิก,
02.05.2024,ต-ค่าใช้จ่ายบริการอื่น,5,,EWLDAD04,51219199,,3320005240,01.05.2024,07.04.2024,KQ,1C10300,1C10308,,181050011,,18105,,0,350,VX,"ค่าแม่บ้าน,รปภ.ห้องจัดเลี้ยง7เมย.67/สุวีร์",,,,ห้ามบันทึกรหัส Product ยกเลิก,
02.05.2024,ต-ค่าใช้จ่ายบริการอื่น,5,,EWLDAD04,51219199,,3320005242,01.05.2024,07.04.2024,KQ,1C10300,1C10308,,181050011,,18105,,0,350,VX,"ค่าแม่บ้าน,รปภ.ห้องจัดเลี้ยง7เมย.67/สี",,,,ห้ามบันทึกรหัส Product ยกเลิก,
08.05.2024,ต-ค่าใช้จ่ายบริการอื่น,5,,EWLDAD04,51219199,,3320005456,01.05.2024,26.04.2024,KQ,1C10300,1C10308,,181050011,,18105,,1,"1,000.00",VX,"ค่าแม่บ้าน,ช่างไฟฟ้าสนามฟุตบอล26เมย.67/สามารถ",,,,ห้ามบันทึกรหัส Product ยกเลิก,
08.05.2024,ต-ค่าใช้จ่ายบริการอื่น,5,,EWLDAD04,51219199,,3320005457,01.05.2024,26.04.2024,KQ,1C10300,1C10308,,181050011,,18105,,1,500,VX,"ค่าแม่บ้าน,ช่างไฟฟ้าสนามฟุตบอล26เมย.67/รักษ์ศักดิ์",,,,ห้ามบันทึกรหัส Product ยกเลิก,
08.05.2024,ต-ค่าใช้จ่ายบริการอื่น,5,,EWLDAD04,51219199,,3320005459,01.05.2024,26.04.2024,KQ,1C10300,1C10308,,181050011,,18105,,1,500,VX,"ค่าแม่บ้าน,ช่างไฟฟ้าสนามฟุตบอล26เมย.67/นภสร",,,,ห้ามบันทึกรหัส Product ยกเลิก,
08.05.2024,ต-ค่าใช้จ่ายบริการอื่น,5,,EWLDAD04,51219199,,3320005461,01.05.2024,27.04.2024,KQ,1C10300,1C10308,,181050011,,18105,,1,"1,000.00",VX,"ค่าแม่บ้าน,ช่างไฟฟ้าสนามฟุตบอล27มย.67/สามารถ",,,,ห้ามบันทึกรหัส Product ยกเลิก,
08.05.2024,ต-ค่าใช้จ่ายบริการอื่น,5,,EWLDAD04,51219199,,3320005465,01.05.2024,27.04.2024,KQ,1C10300,1C10308,,181050011,,18105,,1,500,VX,"ค่าแม่บ้าน,ช่างไฟฟ้าสนามฟุตบอล27มย.67/อรรถพล",,,,ห้ามบันทึกรหัส Product ยกเลิก,
08.05.2024,ต-ค่าใช้จ่ายบริการอื่น,5,,EWLDAD04,51219199,,3320005466,01.05.2024,27.04.2024,KQ,1C10300,1C10308,,181050011,,18105,,1,500,VX,"ค่าแม่บ้าน,ช่างไฟฟ้าสนามฟุตบอล27มย.67/นภสร",,,,ห้ามบันทึกรหัส Product ยกเลิก,
08.05.2024,ต-ค่าใช้จ่ายบริการอื่น,5,,EWLDAD04,51219199,,3320005471,01.05.2024,27.04.2024,KQ,1C10300,1C10308,,181050011,,18105,,0,350,VX,"ค่าแม่บ้าน,รปภ.ห้องจัดเลี้ยง27เมย.67/สุนทรี",,,,ห้ามบันทึกรหัส Product ยกเลิก,
08.05.2024,ต-ค่าใช้จ่ายบริการอื่น,5,,EWLDAD04,51219199,,3320005472,01.05.2024,27.04.2024,KQ,1C10300,1C10308,,181050011,,18105,,0,350,VX,"ค่าแม่บ้าน,รปภ.ห้องจัดเลี้ยง27เมย.67/คำไม",,,,ห้ามบันทึกรหัส Product ยกเลิก,
08.05.2024,ต-ค่าใช้จ่ายบริการอื่น,5,,EWLDAD04,51219199,,3320005473,01.05.2024,27.04.2024,KQ,1C10300,1C10308,,181050011,,18105,,0,350,VX,"ค่าแม่บ้าน,รปภ.ห้องจัดเลี้ยง27เมย.67/สุนทรี",,,,ห้ามบันทึกรหัส Product ยกเลิก,
08.05.2024,ต-ค่าใช้จ่ายบริการอื่น,5,,EWLDAD04,51219199,,3320005475,01.05.2024,27.04.2024,KQ,1C10300,1C10308,,181050011,,18105,,0,350,VX,"ค่าแม่บ้าน,รปภ.ห้องจัดเลี้ยง27เมย.67/คำไม",,,,ห้ามบันทึกรหัส Product ยกเลิก,
08.05.2024,ต-ค่าใช้จ่ายบริการอื่น,5,,EWLDAD04,51219199,,3320005477,01.05.2024,27.04.2024,KQ,1C10300,1C10308,,181050011,,18105,,0,350,VX,"ค่าแม่บ้าน,รปภ.ห้องจัดเลี้ยง27เมย.67/วีรภัทรา",,,,ห้ามบันทึกรหัส Product ยกเลิก,
08.05.2024,ต-ค่าใช้จ่ายบริการอื่น,5,,EWLDAD04,51219199,,3320005484,01.05.2024,27.04.2024,KQ,1C10300,1C10308,,181050011,,18105,,0,350,VX,"ค่าแม่บ้าน,รปภ.ห้องจัดเลี้ยง27เมย.67/วีรภัทรา",,,,ห้ามบันทึกรหัส Product ยกเลิก,
08.05.2024,ต-ค่าใช้จ่ายบริการอื่น,5,,EWLDAD04,51219199,,3320005485,01.05.2024,27.04.2024,KQ,1C10300,1C10308,,181050011,,18105,,0,350,VX,"ค่าแม่บ้าน,รปภ.ห้องจัดเลี้ยง27เมย.67/สุขสวัสดิ์",,,,ห้ามบันทึกรหัส Product ยกเลิก,
08.05.2024,ต-ค่าใช้จ่ายบริการอื่น,5,,EWLDAD04,51219199,,3320005486,01.05.2024,27.04.2024,KQ,1C10300,1C10308,,181050011,,18105,,0,350,VX,"ค่าแม่บ้าน,รปภ.ห้องจัดเลี้ยง27เมย.67/สุวีร์",,,,ห้ามบันทึกรหัส Product ยกเลิก,
08.05.2024,ต-ค่าใช้จ่ายบริการอื่น,5,,EWLDAD04,51219199,,3320005487,01.05.2024,27.04.2024,KQ,1C10300,1C10308,,181050011,,18105,,0,350,VX,"ค่าแม่บ้าน,รปภ.ห้องจัดเลี้ยง27เมย.67/สี",,,,ห้ามบันทึกรหัส Product ยกเลิก,
08.05.2024,ต-ค่าใช้จ่ายบริการอื่น,5,,EWLDAD04,51219199,,3320005488,01.05.2024,27.04.2024,KQ,1C10300,1C10308,,181050011,,18105,,0,350,VX,"ค่าแม่บ้าน,รปภ.ห้องจัดเลี้ยง27เมย.67/โสภณ",,,,ห้ามบันทึกรหัส Product ยกเลิก,
08.05.2024,ต-ค่าใช้จ่ายบริการอื่น,5,,EWLDAD04,51219199,,3320005490,01.05.2024,28.04.2024,KQ,1C10300,1C10308,,181050011,,18105,,1,"1,000.00",VX,"ค่าแม่บ้าน,ช่างไฟฟ้าสนามฟุตบอล28มย.67/สามารถ",,,,ห้ามบันทึกรหัส Product ยกเลิก,
08.05.2024,ต-ค่าใช้จ่ายบริการอื่น,5,,EWLDAD04,51219199,,3320005491,01.05.2024,28.04.2024,KQ,1C10300,1C10308,,181050011,,18105,,1,500,VX,"ค่าแม่บ้าน,ช่างไฟฟ้าสนามฟุตบอล28มย.67/นภสร",,,,ห้ามบันทึกรหัส Product ยกเลิก,
08.05.2024,ต-ค่าใช้จ่ายบริการอื่น,5,,EWLDAD04,51219199,,3320005505,01.05.2024,30.04.2024,KQ,1C10300,1C10308,,181050011,,18105,,1,"1,000.00",VX,"ค่าแม่บ้าน,ช่างไฟฟ้าสนามฟุตบอล30เมย.67/สามารถ",,,,ห้ามบันทึกรหัส Product ยกเลิก,
08.05.2024,ต-ค่าใช้จ่ายบริการอื่น,5,,EWLDAD04,51219199,,3320005506,01.05.2024,30.04.2024,KQ,1C10300,1C10308,,181050011,,18105,,1,800,VX,"ค่าแม่บ้าน,ช่างไฟฟ้าสนามฟุตบอล30เมย.67/พิสิทธิ์",,,,ห้ามบันทึกรหัส Product ยกเลิก,
08.05.2024,ต-ค่าใช้จ่ายบริการอื่น,5,,EWLDAD04,51219199,,3320005507,01.05.2024,30.04.2024,KQ,1C10300,1C10308,,181050011,,18105,,1,500,VX,"ค่าแม่บ้าน,ช่างไฟฟ้าสนามฟุตบอล30เมย.67/นภสร",,,,ห้ามบันทึกรหัส Product ยกเลิก,
13.05.2024,ต-ค่าใช้จ่ายบริการอื่น,5,,EWLDAD04,51219199,,3320005623,01.05.2024,01.05.2024,KQ,1C10300,1C10308,,181050011,,18105,,1,"1,000.00",VX,"ค่าแม่บ้าน,ช่างไฟฟ้าสนามฟุตบอล1พค.67/สามารถ",,,,ห้ามบันทึกรหัส Product ยกเลิก,
13.05.2024,ต-ค่าใช้จ่ายบริการอื่น,5,,EWLDAD04,51219199,,3320005626,01.05.2024,01.05.2024,KQ,1C10300,1C10308,,181050011,,18105,,1,500,VX,"ค่าแม่บ้าน,ช่างไฟฟ้าสนามฟุตบอล1พค.67/ธานี",,,,ห้ามบันทึกรหัส Product ยกเลิก,
13.05.2024,ต-ค่าใช้จ่ายบริการอื่น,5,,EWLDAD04,51219199,,3320005629,01.05.2024,01.05.2024,KQ,1C10300,1C10308,,181050011,,18105,,1,500,VX,"ค่าแม่บ้าน,ช่างไฟฟ้าสนามฟุตบอล1พค.67/นภสร",,,,ห้ามบันทึกรหัส Product ยกเลิก,
13.05.2024,ต-ค่าใช้จ่ายบริการอื่น,5,,EWLDAD04,51219199,,3320005632,02.05.2024,02.05.2024,KQ,1C10300,1C10308,,181050011,,18105,,1,"1,000.00",VX,"ค่าแม่บ้าน,ช่างไฟฟ้าสนามฟุตบอล2พค.67/สามารถ",,,,ห้ามบันทึกรหัส Product ยกเลิก,
13.05.2024,ต-ค่าใช้จ่ายบริการอื่น,5,,EWLDAD04,51219199,,3320005635,02.05.2024,02.05.2024,KQ,1C10300,1C10308,,181050011,,18105,,1,500,VX,"ค่าแม่บ้าน,ช่างไฟฟ้าสนามฟุตบอล2พค.67/พิสิทธิ์",,,,ห้ามบันทึกรหัส Product ยกเลิก,
13.05.2024,ต-ค่าใช้จ่ายบริการอื่น,5,,EWLDAD04,51219199,,3320005637,02.05.2024,02.05.2024,KQ,1C10300,1C10308,,181050011,,18105,,1,500,VX,"ค่าแม่บ้าน,ช่างไฟฟ้าสนามฟุตบอล2พค.67/นภสร",,,,ห้ามบันทึกรหัส Product ยกเลิก,
13.05.2024,ต-ค่าใช้จ่ายบริการอื่น,5,,EWLDAD04,51219199,,3320005649,09.05.2024,09.05.2024,KQ,1C10300,1C10308,,181050011,,18105,,1,"1,000.00",VX,"ค่าแม่บ้าน,ช่างไฟฟ้าสนามฟุตบอล9พค.67/สามารถ",,,,ห้ามบันทึกรหัส Product ยกเลิก,
13.05.2024,ต-ค่าใช้จ่ายบริการอื่น,5,,EWLDAD04,51219199,,3320005650,09.05.2024,09.05.2024,KQ,1C10300,1C10308,,181050011,,18105,,1,700,VX,"ค่าแม่บ้าน,ช่างไฟฟ้าสนามฟุตบอล9พค.67/ธานี",,,,ห้ามบันทึกรหัส Product ยกเลิก,
13.05.2024,ต-ค่าใช้จ่ายบริการอื่น,5,,EWLDAD04,51219199,,3320005653,09.05.2024,09.05.2024,KQ,1C10300,1C10308,,181050011,,18105,,1,500,VX,"ค่าแม่บ้าน,ช่างไฟฟ้าสนามฟุตบอล9พค.67/นภสร",,,,ห้ามบันทึกรหัส Product ยกเลิก,
13.05.2024,ต-ค่าใช้จ่ายบริการอื่น,5,,EWLDAD04,51219199,,3320005660,03.05.2024,03.05.2024,KQ,1C10300,1C10308,,181050011,,18105,,1,"1,000.00",VX,"ค่าแม่บ้าน,ช่างไฟฟ้าสนามฟุตบอล3พค.67/สามารถ",,,,ห้ามบันทึกรหัส Product ยกเลิก,
13.05.2024,ต-ค่าใช้จ่ายบริการอื่น,5,,EWLDAD04,51219199,,3320005661,03.05.2024,03.05.2024,KQ,1C10300,1C10308,,181050011,,18105,,1,500,VX,"ค่าแม่บ้าน,ช่างไฟฟ้าสนามฟุตบอล3พค.67/ศุภณัฐ",,,,ห้ามบันทึกรหัส Product ยกเลิก,
13.05.2024,ต-ค่าใช้จ่ายบริการอื่น,5,,EWLDAD04,51219199,,3320005662,03.05.2024,03.05.2024,KQ,1C10300,1C10308,,181050011,,18105,,1,500,VX,"ค่าแม่บ้าน,ช่างไฟฟ้าสนามฟุตบอล3พค.67/นภสร",,,,ห้ามบันทึกรหัส Product ยกเลิก,
13.05.2024,ต-ค่าใช้จ่ายบริการอื่น,5,,EWLDAD04,51219199,,3320005664,04.05.2024,04.05.2024,KQ,1C10300,1C10308,,181050011,,18105,,1,"1,000.00",VX,"ค่าแม่บ้าน,ช่างไฟฟ้าสนามฟุตบอล4พค.67/สามารถ",,,,ห้ามบันทึกรหัส Product ยกเลิก,
13.05.2024,ต-ค่าใช้จ่ายบริการอื่น,5,,EWLDAD04,51219199,,3320005665,04.05.2024,04.05.2024,KQ,1C10300,1C10308,,181050011,,18105,,1,500,VX,"ค่าแม่บ้าน,ช่างไฟฟ้าสนามฟุตบอล4พค.67/รักษ์ศักดิ์",,,,ห้ามบันทึกรหัส Product ยกเลิก,
13.05.2024,ต-ค่าใช้จ่ายบริการอื่น,5,,EWLDAD04,51219199,,3320005666,04.05.2024,04.05.2024,KQ,1C10300,1C10308,,181050011,,18105,,1,500,VX,"ค่าแม่บ้าน,ช่างไฟฟ้าสนามฟุตบอล4พค.67/นภสร",,,,ห้ามบันทึกรหัส Product ยกเลิก,
13.05.2024,ต-ค่าใช้จ่ายบริการอื่น,5,,EWLDAD04,51219199,,3320005668,06.05.2024,06.05.2024,KQ,1C10300,1C10308,,181050011,,18105,,1,"1,000.00",VX,"ค่าแม่บ้าน,ช่างไฟฟ้าสนามฟุตบอล6พค.67/สามารถ",,,,ห้ามบันทึกรหัส Product ยกเลิก,
13.05.2024,ต-ค่าใช้จ่ายบริการอื่น,5,,EWLDAD04,51219199,,3320005669,06.05.2024,06.05.2024,KQ,1C10300,1C10308,,181050011,,18105,,1,500,VX,"ค่าแม่บ้าน,ช่างไฟฟ้าสนามฟุตบอล6พค.67/อรรถพล",,,,ห้ามบันทึกรหัส Product ยกเลิก,
13.05.2024,ต-ค่าใช้จ่ายบริการอื่น,5,,EWLDAD04,51219199,,3320005670,06.05.2024,06.05.2024,KQ,1C10300,1C10308,,181050011,,18105,,1,500,VX,"ค่าแม่บ้าน,ช่างไฟฟ้าสนามฟุตบอล6พค.67/นภสร",,,,ห้ามบันทึกรหัส Product ยกเลิก,
13.05.2024,ต-ค่าใช้จ่ายบริการอื่น,5,,EWLDAD04,51219199,,3320005672,06.05.2024,06.05.2024,KQ,1C10300,1C10308,,181050011,,18105,,1,500,VX,"ค่าแม่บ้าน,จนท.ประสานงานส.ฟุตบอล7คน6พค.67/ฤทธิไกร",,,,ห้ามบันทึกรหัส Product ยกเลิก,
13.05.2024,ต-ค่าใช้จ่ายบริการอื่น,5,,EWLDAD04,51219199,,3320005675,06.05.2024,06.05.2024,KQ,1C10300,1C10308,,181050011,,18105,,1,400,VX,"ค่าแม่บ้าน,จนท.ประสานงานส.ฟุตบอล7คน6พค.67/พีรพล",,,,ห้ามบันทึกรหัส Product ยกเลิก,
13.05.2024,ต-ค่าใช้จ่ายบริการอื่น,5,,EWLDAD04,51219199,,3320005679,08.05.2024,08.05.2024,KQ,1C10300,1C10308,,181050011,,18105,,0,500,VX,ค่าเจ้าหน้าที่ควบคุมไฟฟ้าส.ฟุตบอล8พค.67/รักษ์ศักดิ,,,,ห้ามบันทึกรหัส Product ยกเลิก,
14.05.2024,ต-ค่าใช้จ่ายบริการอื่น,5,,EWLDAD04,51219199,,3320005768,11.05.2024,11.05.2024,KQ,1C10300,1C10308,,181050011,,18105,,1,"1,000.00",VX,"ค่าแม่บ้าน,ช่างไฟฟ้าสนามฟุตบอล11พค.67/สามารถ",,,,ห้ามบันทึกรหัส Product ยกเลิก,
14.05.2024,ต-ค่าใช้จ่ายบริการอื่น,5,,EWLDAD04,51219199,,3320005771,11.05.2024,11.05.2024,KQ,1C10300,1C10308,,181050011,,18105,,1,500,VX,"ค่าแม่บ้าน,ช่างไฟฟ้าสนามฟุตบอล11พค.67/พิสิทธิ์",,,,ห้ามบันทึกรหัส Product ยกเลิก,
14.05.2024,ต-ค่าใช้จ่ายบริการอื่น,5,,EWLDAD04,51219199,,3320005774,11.05.2024,11.05.2024,KQ,1C10300,1C10308,,181050011,,18105,,1,500,VX,"ค่าแม่บ้าน,ช่างไฟฟ้าสนามฟุตบอล11พค.67/นภสร",,,,ห้ามบันทึกรหัส Product ยกเลิก,
14.05.2024,ต-ค่าใช้จ่ายบริการอื่น,5,,EWLDAD04,51219199,,3320005776,12.05.2024,12.05.2024,KQ,1C10300,1C10308,,181050011,,18105,,1,"1,000.00",VX,"ค่าแม่บ้าน,ช่างไฟฟ้าสนามฟุตบอล12พค.67/สามารถ",,,,ห้ามบันทึกรหัส Product ยกเลิก,
14.05.2024,ต-ค่าใช้จ่ายบริการอื่น,5,,EWLDAD04,51219199,,3320005781,12.05.2024,12.05.2024,KQ,1C10300,1C10308,,181050011,,18105,,1,500,VX,"ค่าแม่บ้าน,ช่างไฟฟ้าสนามฟุตบอล12พค.67/ศุภณัฐ",,,,ห้ามบันทึกรหัส Product ยกเลิก,
14.05.2024,ต-ค่าใช้จ่ายบริการอื่น,5,,EWLDAD04,51219199,,3320005782,12.05.2024,12.05.2024,KQ,1C10300,1C10308,,181050011,,18105,,1,500,VX,"ค่าแม่บ้าน,ช่างไฟฟ้าสนามฟุตบอล12พค.67/นภสร",,,,ห้ามบันทึกรหัส Product ยกเลิก,
14.05.2024,ต-ค่าใช้จ่ายบริการอื่น,5,,EWLDAD04,51219199,,3320005786,14.05.2024,14.05.2024,KQ,1C10300,1C10308,,181050011,,18105,,1,"1,000.00",VX,"ค่าแม่บ้าน,ช่างไฟฟ้าสนามฟุตบอล14พค.67/สามารถ",,,,ห้ามบันทึกรหัส Product ยกเลิก,
14.05.2024,ต-ค่าใช้จ่ายบริการอื่น,5,,EWLDAD04,51219199,,3320005789,14.05.2024,14.05.2024,KQ,1C10300,1C10308,,181050011,,18105,,1,600,VX,"ค่าแม่บ้าน,ช่างไฟฟ้าสนามฟุตบอล14พค.67/ธานี",,,,ห้ามบันทึกรหัส Product ยกเลิก,
14.05.2024,ต-ค่าใช้จ่ายบริการอื่น,5,,EWLDAD04,51219199,,3320005792,14.05.2024,14.05.2024,KQ,1C10300,1C10308,,181050011,,18105,,1,500,VX,"ค่าแม่บ้าน,ช่างไฟฟ้าสนามฟุตบอล14พค.67/นภสร",,,,ห้ามบันทึกรหัส Product ยกเลิก,
14.05.2024,ต-ค่าใช้จ่ายบริการอื่น,5,,EWLDAD04,51219199,,3320005797,15.05.2024,15.05.2024,KQ,1C10300,1C10308,,181050011,,18105,,1,"1,000.00",VX,"ค่าแม่บ้าน,ช่างไฟฟ้าสนามฟุตบอล15พค.67/สามารถ",,,,ห้ามบันทึกรหัส Product ยกเลิก,
14.05.2024,ต-ค่าใช้จ่ายบริการอื่น,5,,EWLDAD04,51219199,,3320005799,15.05.2024,15.05.2024,KQ,1C10300,1C10308,,181050011,,18105,,1,600,VX,"ค่าแม่บ้าน,ช่างไฟฟ้าสนามฟุตบอล15พค.67/พิสิทธิ์",,,,ห้ามบันทึกรหัส Product ยกเลิก,
14.05.2024,ต-ค่าใช้จ่ายบริการอื่น,5,,EWLDAD04,51219199,,3320005800,15.05.2024,15.05.2024,KQ,1C10300,1C10308,,181050011,,18105,,1,500,VX,"ค่าแม่บ้าน,ช่างไฟฟ้าสนามฟุตบอล15พค.67/นภสร",,,,ห้ามบันทึกรหัส Product ยกเลิก,
15.05.2024,ต-ค่าใช้จ่ายบริการอื่น,5,,EWLDAD04,51219199,,3320005894,09.05.2024,09.05.2024,KQ,1C10300,1C10308,,181050011,,18105,,0,"2,500.00",VX,ค่าตีเส้นสนามฟุตบอลเอ็นทีแจ้งวัฒนะ9พค.67/นพดล,,,,ห้ามบันทึกรหัส Product ยกเลิก,
20.05.2024,ต-ค่าใช้จ่ายบริการอื่น,5,,EWLDAD04,51219199,,3320006074,18.05.2024,18.05.2024,KQ,1C10300,1C10308,,181050011,,18105,,1,"1,000.00",VX,"ค่าแม่บ้าน,ช่างไฟฟ้าสนามฟุตบอล18พค.67/สามารถ",,,,ห้ามบันทึกรหัส Product ยกเลิก,
20.05.2024,ต-ค่าใช้จ่ายบริการอื่น,5,,EWLDAD04,51219199,,3320006075,18.05.2024,18.05.2024,KQ,1C10300,1C10308,,181050011,,18105,,1,500,VX,"ค่าแม่บ้าน,ช่างไฟฟ้าสนามฟุตบอล18พค.67/อรรถพล",,,,ห้ามบันทึกรหัส Product ยกเลิก,
20.05.2024,ต-ค่าใช้จ่ายบริการอื่น,5,,EWLDAD04,51219199,,3320006077,18.05.2024,18.05.2024,KQ,1C10300,1C10308,,181050011,,18105,,1,500,VX,"ค่าแม่บ้าน,ช่างไฟฟ้าสนามฟุตบอล18พค.67/นภสร",,,,ห้ามบันทึกรหัส Product ยกเลิก,
20.05.2024,ต-ค่าใช้จ่ายบริการอื่น,5,,EWLDAD04,51219199,,3320006078,19.05.2024,19.05.2024,KQ,1C10300,1C10308,,181050011,,18105,,1,"1,000.00",VX,"ค่าแม่บ้าน,ช่างไฟฟ้าสนามฟุตบอล19พค.67/สามารถ",,,,ห้ามบันทึกรหัส Product ยกเลิก,
20.05.2024,ต-ค่าใช้จ่ายบริการอื่น,5,,EWLDAD04,51219199,,3320006080,19.05.2024,19.05.2024,KQ,1C10300,1C10308,,181050011,,18105,,1,500,VX,"ค่าแม่บ้าน,ช่างไฟฟ้าสนามฟุตบอล19พค.67/กษิรา",,,,ห้ามบันทึกรหัส Product ยกเลิก,
20.05.2024,ต-ค่าใช้จ่ายบริการอื่น,5,,EWLDAD04,51219199,,3320006081,19.05.2024,19.05.2024,KQ,1C10300,1C10308,,181050011,,18105,,1,500,VX,"ค่าแม่บ้าน,ช่างไฟฟ้าสนามฟุตบอล19พค.67/นภสร",,,,ห้ามบันทึกรหัส Product ยกเลิก,
20.05.2024,ต-ค่าใช้จ่ายบริการอื่น,5,,EWLDAD04,51219199,,3320006082,21.05.2024,21.05.2024,KQ,1C10300,1C10308,,181050011,,18105,,1,"1,000.00",VX,"ค่าแม่บ้าน,ช่างไฟฟ้าสนามฟุตบอล21พค.67/สามารถ",,,,ห้ามบันทึกรหัส Product ยกเลิก,
20.05.2024,ต-ค่าใช้จ่ายบริการอื่น,5,,EWLDAD04,51219199,,3320006084,21.05.2024,21.05.2024,KQ,1C10300,1C10308,,181050011,,18105,,1,600,VX,"ค่าแม่บ้าน,ช่างไฟฟ้าสนามฟุตบอล21พค.67/อรรถพล",,,,ห้ามบันทึกรหัส Product ยกเลิก,
20.05.2024,ต-ค่าใช้จ่ายบริการอื่น,5,,EWLDAD04,51219199,,3320006104,21.05.2024,21.05.2024,KQ,1C10300,1C10308,,181050011,,18105,,1,500,VX,"ค่าแม่บ้าน,ช่างไฟฟ้าสนามฟุตบอล21พค.67/นภสร",,,,ห้ามบันทึกรหัส Product ยกเลิก,
20.05.2024,ต-ค่าใช้จ่ายบริการอื่น,5,,EWLDAD04,51219199,,3320006105,22.05.2024,22.05.2024,KQ,1C10300,1C10308,,181050011,,18105,,1,"1,000.00",VX,"ค่าแม่บ้าน,ช่างไฟฟ้าสนามฟุตบอล22พค.67/สามารถ",,,,ห้ามบันทึกรหัส Product ยกเลิก,
20.05.2024,ต-ค่าใช้จ่ายบริการอื่น,5,,EWLDAD04,51219199,,3320006106,22.05.2024,22.05.2024,KQ,1C10300,1C10308,,181050011,,18105,,1,500,VX,"ค่าแม่บ้าน,ช่างไฟฟ้าสนามฟุตบอล22พค.67/รักษ์ศักดิ์",,,,ห้ามบันทึกรหัส Product ยกเลิก,
20.05.2024,ต-ค่าใช้จ่ายบริการอื่น,5,,EWLDAD04,51219199,,3320006107,22.05.2024,22.05.2024,KQ,1C10300,1C10308,,181050011,,18105,,1,500,VX,"ค่าแม่บ้าน,ช่างไฟฟ้าสนามฟุตบอล22พค.67/นภสร",,,,ห้ามบันทึกรหัส Product ยกเลิก,
20.05.2024,ต-ค่าใช้จ่ายบริการอื่น,5,,EWLDAD04,51219199,,3320006111,16.05.2024,16.05.2024,KQ,1C10400,1C10405,,181050011,,18105,,0,"2,500.00",VX,ค่าตีเส้นสนามฟุตบอลเอ็นทีแจ้งวัฒนะ16พค.67/นพดล,,,,ห้ามบันทึกรหัส Product ยกเลิก,
02.05.2024,ต-ค่าใช้จ่ายบริการอื่น,5,,EWLDAD04,51219199,3320005239,3900001927,01.05.2024,07.04.2024,KZ,1C10300,1C10308,,181050011,,18105,,0,-350,VX,"ค่าแม่บ้าน,รปภ.ห้องจัดเลี้ยง7เมย.67/สี",,,,ห้ามบันทึกรหัส Product ยกเลิก,
07.05.2024,ต-ค่าใบอนุญาต-บริการโทรคมนาคม แบบ 3,5,,EFAD0402,51110202,6410006923,6410007619,01.05.2024,30.04.2024,SC,2P10200,2P10200,,104070001,,10407,,0,"-11,878,845.66",D7,ปมก.คจ.เม.ย.67 ค่าธรรมเนียมบอญ.แบบ3 กสทช.,,,,ห้ามบันทึกรหัส Product ยกเลิก,
07.05.2024,ต-ค่าใบอนุญาต-บริการโทรคมนาคม แบบ 3,5,,EFAD0402,51110202,6410006923,6410007619,01.05.2024,30.04.2024,SC,2P10200,2P10200,,104070002,,10407,,0,"-7,051.58",D7,ปมก.คจ.เม.ย.67 ค่าธรรมเนียมบอญ.แบบ3 กสทช.,,,,ห้ามบันทึกรหัส Product ยกเลิก,
07.05.2024,ต-ค่าใบอนุญาต-บริการโทรคมนาคม แบบ 3,5,,EFAD0402,51110202,6410006923,6410007619,01.05.2024,30.04.2024,SC,2P10200,2P10200,,104070003,,10407,,0,"-919,993.55",D7,ปมก.คจ.เม.ย.67 ค่าธรรมเนียมบอญ.แบบ3 กสทช.,,,,ห้ามบันทึกรหัส Product ยกเลิก,
07.05.2024,ต-เงินอุดหนุนกองทุนพัฒนากิจการโทรคมนาคม,5,,EFAD0402,51110601,6410006949,6410007645,01.05.2024,30.04.2024,SC,2P10200,2P10200,,104070001,,10407,,0,"-22,480,678.63",D7,ปมก.คจ.เม.ย.67 ค่าธรรมเนียม USO,,,,ห้ามบันทึกรหัส Product ยกเลิก,
07.05.2024,ต-เงินอุดหนุนกองทุนพัฒนากิจการโทรคมนาคม,5,,EFAD0402,51110601,6410006949,6410007645,01.05.2024,30.04.2024,SC,2P10200,2P10200,,104070002,,10407,,0,"-13,345.09",D7,ปมก.คจ.เม.ย.67 ค่าธรรมเนียม USO,,,,ห้ามบันทึกรหัส Product ยกเลิก,
07.05.2024,ต-เงินอุดหนุนกองทุนพัฒนากิจการโทรคมนาคม,5,,EFAD0402,51110601,6410006949,6410007645,01.05.2024,30.04.2024,SC,2P10200,2P10200,,104070003,,10407,,0,"-1,741,084.95",D7,ปมก.คจ.เม.ย.67 ค่าธรรมเนียม USO,,,,ห้ามบันทึกรหัส Product ยกเลิก,
07.05.2024,ต-ค่าเชื่อมต่อโครงข่ายโทรคมนาคม Call Termination,5,,EFAD0402,51102102,6410007236,6410007933,01.05.2024,30.04.2024,SC,1J60200,1J60200,,104020001,TT&T,10402,,0,"-23,826,544.19",,ปมก.คจ.ค้างจ่ายIC_CAT CDMA เม.ย.67  TTT,,,,ห้ามบันทึกรหัส Product ยกเลิก,
07.05.2024,ต-ค่าเชื่อมต่อโครงข่ายโทรคมนาคม Call Transit,5,,EFAD0402,51102103,6410007236,6410007933,01.05.2024,30.04.2024,SC,1J60200,1J60200,,104020001,TT&T,10402,,0,"-1,218,487.68",,ปมก.คจ.ค้างจ่ายIC_CAT CDMA เม.ย.67  TTT,,,,ห้ามบันทึกรหัส Product ยกเลิก,
07.05.2024,ต-ค่าเชื่อมต่อโครงข่ายโทรคมนาคม Call Termination,5,,EFAD0402,51102102,6410007237,6410007934,01.05.2024,30.04.2024,SC,1H10400,1H10402,,104030001,TT&T,10403,,0,"-22,995,516.22",,ปมก.คจ.ค้างจ่าย Non-IC_(HUTCH) เม.ย.67  TTT,,,,ห้ามบันทึกรหัส Product ยกเลิก,
07.05.2024,ต-ค่าเชื่อมต่อโครงข่ายโทรคมนาคม Call Transit,5,,EFAD0402,51102103,6410007237,6410007934,01.05.2024,30.04.2024,SC,1H10400,1H10402,,104030001,TT&T,10403,,0,"-128,288.48",,ปมก.คจ.ค้างจ่าย Non-IC_(HUTCH) เม.ย.67  TTT,,,,ห้ามบันทึกรหัส Product ยกเลิก,
15.05.2024,ต-ค่าใช้จ่ายบริการอื่น,5,,EWLDAD02,51219199,,8100004777,01.05.2024,30.04.2024,WE,1C10300,1C10308,,181050009,,18105,,,"9,897.00",,,,,7001980,ห้ามบันทึกรหัส Product ยกเลิก,
